Workbook

Sheet products
A1: לכלול להצעת המחיר? | B1: ברקוד | C1: תיאור פריט | D1: מחיר מכירה | G1: סהכ משקל | H1: מעמ (0לא,1כן) | I1: ניתן להנחות (0לא,1כן) | J1: מספר קבוצה | K1: שם קבוצה | L1: מספר מחלקה | M1: שם מחלקה | N1: מספר ספק | O1: שם ספק | P1: מחיר לק"ג
B2: 100001158002 | D2: 79 | G2: כשר לפסח לאוכלי קטניות שתפ"ו | H2: 1 | I2: 1 | J2: 3 | K2: פיצוחים לא קלוי | L2: 4 | M2: אגוזים טבעים | N2: 16 | O2: צ'רחי אברהם | P2: =IFERROR(D2/(VALUE(LEFT(TRIM(MID(G2,FIND("תכולה",G2)+6,20)),FIND(" ",TRIM(MID(G2,FIND("תכולה",G2)+6,20))&" ")-1))/1000),"")
B3: 100058239210 | D3: 99 | G3: פרווה | H3: 1 | I3: 1 | J3: 3 | K3: פיצוחים לא קלוי | L3: 4 | M3: אגוזים טבעים | N3: \N | O3: \N | P3: =IFERROR(D3/(VALUE(LEFT(TRIM(MID(G3,FIND("תכולה",G3)+6,20)),FIND(" ",TRIM(MID(G3,FIND("תכולה",G3)+6,20))&" ")-1))/1000),"")
B4: 10013011090S | C4: סויה קריספי | D4: 4.5 | G4: תכולה 100 | H4: 1 | I4: 1 | J4: 1 | K4: שונות | L4: 4 | M4: אגוזים טבעים | N4: \N | O4: \N | P4: =IFERROR(D4/(VALUE(LEFT(TRIM(MID(G4,FIND("תכולה",G4)+6,20)),FIND(" ",TRIM(MID(G4,FIND("תכולה",G4)+6,20))&" ")-1))/1000),"") -> 45
A5: FALSE | B5: 100508469002 | C5: פיסטוק חלבי מקולף | D5: 85 | G5: \N | H5: 1 | I5: 0 | J5: 1 | K5: שונות | L5: 4 | M5: אגוזים טבעים | N5: 2 | O5: יוסף לוי | P5: =IFERROR(D5/(VALUE(LEFT(TRIM(MID(G5,FIND("תכולה",G5)+6,20)),FIND(" ",TRIM(MID(G5,FIND("תכולה",G5)+6,20))&" ")-1))/1000),"")
A6: FALSE | B6: 1011010158238 | C6: חליטת נענע לימון פחית | D6: 110 | G6: \N | H6: 1 | I6: 1 | J6: 1 | K6: שונות | L6: 4 | M6: אגוזים טבעים | N6: \N | O6: \N | P6: =IFERROR(D6/(VALUE(LEFT(TRIM(MID(G6,FIND("תכולה",G6)+6,20)),FIND(" ",TRIM(MID(G6,FIND("תכולה",G6)+6,20))&" ")-1))/1000),"")
A7: FALSE | B7: 15575304553M | C7: שום שחור גבישי במלחייה | D7: 5 | G7: תכולה 400 | H7: 1 | I7: 1 | J7: 1 | K7: שונות | L7: 4 | M7: אגוזים טבעים | N7: \N | O7: \N | P7: =IFERROR(D7/(VALUE(LEFT(TRIM(MID(G7,FIND("תכולה",G7)+6,20)),FIND(" ",TRIM(MID(G7,FIND("תכולה",G7)+6,20))&" ")-1))/1000),"") -> 12.5
B8: 66643868255S | D8: 3.3 | G8: תכולה 250 | H8: 1 | I8: 1 | J8: 1 | K8: שונות | L8: 4 | M8: אגוזים טבעים | N8: \N | O8: \N | P8: =IFERROR(D8/(VALUE(LEFT(TRIM(MID(G8,FIND("תכולה",G8)+6,20)),FIND(" ",TRIM(MID(G8,FIND("תכולה",G8)+6,20))&" ")-1))/1000),"") -> 13.2
B9: 70007580580S | D9: 5 | G9: תכולה 170 | H9: 0 | I9: 1 | J9: 1 | K9: שונות | L9: 4 | M9: אגוזים טבעים | N9: \N | O9: \N | P9: =IFERROR(D9/(VALUE(LEFT(TRIM(MID(G9,FIND("תכולה",G9)+6,20)),FIND(" ",TRIM(MID(G9,FIND("תכולה",G9)+6,20))&" ")-1))/1000),"") -> 29.411765
B10: 71074022001S | D10: 4.4 | G10: תכולה 200 | H10: 1 | I10: 1 | J10: 1 | K10: שונות | L10: 4 | M10: אגוזים טבעים | N10: \N | O10: \N | P10: =IFERROR(D10/(VALUE(LEFT(TRIM(MID(G10,FIND("תכולה",G10)+6,20)),FIND(" ",TRIM(MID(G10,FIND("תכולה",G10)+6,20))&" ")-1))/1000),"") -> 22
B11: 76037024583L | D11: 9.8 | G11: תכולה 750 | H11: 1 | I11: 1 | J11: 1 | K11: שונות | L11: 4 | M11: אגוזים טבעים | N11: \N | O11: \N | P11: =IFERROR(D11/(VALUE(LEFT(TRIM(MID(G11,FIND("תכולה",G11)+6,20)),FIND(" ",TRIM(MID(G11,FIND("תכולה",G11)+6,20))&" ")-1))/1000),"") -> 13.066667
A12: FALSE | B12: 05593023004S | C12: בוטן טבעי ג 16 | D12: 7.5 | G12: תכולה 200 | H12: 1 | I12: 1 | J12: 1 | K12: שונות | L12: 36 | M12: אגוזים טבעים ארוזים | N12: \N | O12: \N | P12: =IFERROR(D12/(VALUE(LEFT(TRIM(MID(G12,FIND("תכולה",G12)+6,20)),FIND(" ",TRIM(MID(G12,FIND("תכולה",G12)+6,20))&" ")-1))/1000),"") -> 37.5
B13: 07470154200S | D13: 15.5 | G13: תכולה 200 | H13: 1 | I13: 1 | J13: 1 | K13: שונות | L13: 36 | M13: אגוזים טבעים ארוזים | N13: \N | O13: \N | P13: =IFERROR(D13/(VALUE(LEFT(TRIM(MID(G13,FIND("תכולה",G13)+6,20)),FIND(" ",TRIM(MID(G13,FIND("תכולה",G13)+6,20))&" ")-1))/1000),"") -> 77.5
B14: 1000000581210S | D14: 18 | G14: תכולה 150 | H14: 1 | I14: 1 | J14: 1 | K14: שונות | L14: 36 | M14: אגוזים טבעים ארוזים | N14: \N | O14: \N | P14: =IFERROR(D14/(VALUE(LEFT(TRIM(MID(G14,FIND("תכולה",G14)+6,20)),FIND(" ",TRIM(MID(G14,FIND("תכולה",G14)+6,20))&" ")-1))/1000),"") -> 120
B15: 10000081122 M | D15: 15.5 | G15: תכולה 170 כשר לפסח לאוכלי קטניות תשפ"ו | H15: 1 | I15: 1 | J15: 1 | K15: שונות | L15: 36 | M15: אגוזים טבעים ארוזים | N15: \N | O15: \N | P15: =IFERROR(D15/(VALUE(LEFT(TRIM(MID(G15,FIND("תכולה",G15)+6,20)),FIND(" ",TRIM(MID(G15,FIND("תכולה",G15)+6,20))&" ")-1))/1000),"") -> 91.176471
B16: 10005840900L | C16: אגוזי מלך קלויים | D16: 0 | G16: תכולה 600 | H16: 1 | I16: 1 | J16: 1 | K16: שונות | L16: 36 | M16: אגוזים טבעים ארוזים | N16: \N | O16: \N | P16: =IFERROR(D16/(VALUE(LEFT(TRIM(MID(G16,FIND("תכולה",G16)+6,20)),FIND(" ",TRIM(MID(G16,FIND("תכולה",G16)+6,20))&" ")-1))/1000),"") -> 0
B17: 10005840900M | D17: 12 | G17: תכולה 300 | H17: 1 | I17: 1 | J17: 1 | K17: שונות | L17: 36 | M17: אגוזים טבעים ארוזים | N17: \N | O17: \N | P17: =IFERROR(D17/(VALUE(LEFT(TRIM(MID(G17,FIND("תכולה",G17)+6,20)),FIND(" ",TRIM(MID(G17,FIND("תכולה",G17)+6,20))&" ")-1))/1000),"") -> 40
B18: 10005840900S | D18: 8 | G18: תכולה 200 | H18: 1 | I18: 1 | J18: 1 | K18: שונות | L18: 36 | M18: אגוזים טבעים ארוזים | N18: \N | O18: \N | P18: =IFERROR(D18/(VALUE(LEFT(TRIM(MID(G18,FIND("תכולה",G18)+6,20)),FIND(" ",TRIM(MID(G18,FIND("תכולה",G18)+6,20))&" ")-1))/1000),"") -> 40
B19: 10018052024S | C19: זית סורי ירוק שבור | D19: 0 | G19: תכולה 140 | H19: 1 | I19: 1 | J19: 1 | K19: שונות | L19: 36 | M19: אגוזים טבעים ארוזים | N19: \N | O19: \N | P19: =IFERROR(D19/(VALUE(LEFT(TRIM(MID(G19,FIND("תכולה",G19)+6,20)),FIND(" ",TRIM(MID(G19,FIND("תכולה",G19)+6,20))&" ")-1))/1000),"") -> 0
A20: FALSE | B20: 10054191523M | C20: תערובת על האש במלחייה | D20: 16.5 | G20: תכולה 220 | H20: 1 | I20: 1 | J20: 1 | K20: שונות | L20: 36 | M20: אגוזים טבעים ארוזים | N20: \N | O20: \N | P20: =IFERROR(D20/(VALUE(LEFT(TRIM(MID(G20,FIND("תכולה",G20)+6,20)),FIND(" ",TRIM(MID(G20,FIND("תכולה",G20)+6,20))&" ")-1))/1000),"") -> 75
A21: FALSE | B21: 10100585506L | C21: מלפוף מתוקית את מור | D21: 54.2 | G21: תכולה 570 | H21: 1 | I21: 1 | J21: 1 | K21: שונות | L21: 36 | M21: אגוזים טבעים ארוזים | N21: \N | O21: \N | P21: =IFERROR(D21/(VALUE(LEFT(TRIM(MID(G21,FIND("תכולה",G21)+6,20)),FIND(" ",TRIM(MID(G21,FIND("תכולה",G21)+6,20))&" ")-1))/1000),"") -> 95.087719
A22: FALSE | B22: 10100585506M | C22: קוקוס מיובש טבעי ללא תוספת סוכר | D22: 39.2 | G22: תכולה 270 | H22: 1 | I22: 1 | J22: 1 | K22: שונות | L22: 36 | M22: אגוזים טבעים ארוזים | N22: \N | O22: \N | P22: =IFERROR(D22/(VALUE(LEFT(TRIM(MID(G22,FIND("תכולה",G22)+6,20)),FIND(" ",TRIM(MID(G22,FIND("תכולה",G22)+6,20))&" ")-1))/1000),"") -> 145.18519
B23: 10100585506S | C23: גרנולת אגוזים ופירות יבשים ללא תוספת וסכר | D23: 24.7 | G23: תכולה 170 | H23: 1 | I23: 1 | J23: 1 | K23: שונות | L23: 36 | M23: אגוזים טבעים ארוזים | N23: \N | O23: \N | P23: =IFERROR(D23/(VALUE(LEFT(TRIM(MID(G23,FIND("תכולה",G23)+6,20)),FIND(" ",TRIM(MID(G23,FIND("תכולה",G23)+6,20))&" ")-1))/1000),"") -> 145.29412
B24: 110000058238L | C24: תמר מלך בודדים | D24: 37.5 | G24: תכולה 570 | H24: 1 | I24: 1 | J24: 1 | K24: שונות | L24: 36 | M24: אגוזים טבעים ארוזים | N24: \N | O24: \N | P24: =IFERROR(D24/(VALUE(LEFT(TRIM(MID(G24,FIND("תכולה",G24)+6,20)),FIND(" ",TRIM(MID(G24,FIND("תכולה",G24)+6,20))&" ")-1))/1000),"") -> 65.789474
B25: 111150818002L | D25: 29 | G25: תכולה 520 | H25: 1 | I25: 1 | J25: 1 | K25: שונות | L25: 36 | M25: אגוזים טבעים ארוזים | N25: \N | O25: \N | P25: =IFERROR(D25/(VALUE(LEFT(TRIM(MID(G25,FIND("תכולה",G25)+6,20)),FIND(" ",TRIM(MID(G25,FIND("תכולה",G25)+6,20))&" ")-1))/1000),"") -> 55.769231
B26: 11115555180S | D26: 15.5 | G26: תכולה 180 | H26: 1 | I26: 1 | J26: 1 | K26: שונות | L26: 36 | M26: אגוזים טבעים ארוזים | N26: \N | O26: \N | P26: =IFERROR(D26/(VALUE(LEFT(TRIM(MID(G26,FIND("תכולה",G26)+6,20)),FIND(" ",TRIM(MID(G26,FIND("תכולה",G26)+6,20))&" ")-1))/1000),"") -> 86.111111
B27: 11118318590L | D27: 44.5 | G27: תכולה 600 | H27: 1 | I27: 1 | J27: 1 | K27: שונות | L27: 36 | M27: אגוזים טבעים ארוזים | N27: \N | O27: \N | P27: =IFERROR(D27/(VALUE(LEFT(TRIM(MID(G27,FIND("תכולה",G27)+6,20)),FIND(" ",TRIM(MID(G27,FIND("תכולה",G27)+6,20))&" ")-1))/1000),"") -> 74.166667
B28: 1185202400M | D28: 10.3 | G28: תכולה 200 | H28: 1 | I28: 1 | J28: 1 | K28: שונות | L28: 36 | M28: אגוזים טבעים ארוזים | N28: \N | O28: \N | P28: =IFERROR(D28/(VALUE(LEFT(TRIM(MID(G28,FIND("תכולה",G28)+6,20)),FIND(" ",TRIM(MID(G28,FIND("תכולה",G28)+6,20))&" ")-1))/1000),"") -> 51.5
B29: 13242000200S | C29: תפוז מיובש רצועות מסוכר | D29: 13.8 | G29: תכולה 200 | H29: 1 | I29: 1 | J29: 1 | K29: שונות | L29: 36 | M29: אגוזים טבעים ארוזים | N29: \N | O29: \N | P29: =IFERROR(D29/(VALUE(LEFT(TRIM(MID(G29,FIND("תכולה",G29)+6,20)),FIND(" ",TRIM(MID(G29,FIND("תכולה",G29)+6,20))&" ")-1))/1000),"") -> 69
B30: 13252627300M | C30: מייאסי שום | D30: 26.9 | G30: תכולה 300 | H30: 1 | I30: 1 | J30: 1 | K30: שונות | L30: 36 | M30: אגוזים טבעים ארוזים | N30: \N | O30: \N | P30: =IFERROR(D30/(VALUE(LEFT(TRIM(MID(G30,FIND("תכולה",G30)+6,20)),FIND(" ",TRIM(MID(G30,FIND("תכולה",G30)+6,20))&" ")-1))/1000),"") -> 89.666667
B31: 14000000323L | D31: 21 | G31: תכולה 350 כשר לפסח לאוכלי קטניות תשפ"ו | H31: 1 | I31: 0 | J31: 1 | K31: שונות | L31: 36 | M31: אגוזים טבעים ארוזים | N31: \N | O31: \N | P31: =IFERROR(D31/(VALUE(LEFT(TRIM(MID(G31,FIND("תכולה",G31)+6,20)),FIND(" ",TRIM(MID(G31,FIND("תכולה",G31)+6,20))&" ")-1))/1000),"") -> 60
B32: 140230430592M | C32: זעתר בלאדי במלחייה | D32: 11 | G32: תכולה 230 | H32: 1 | I32: 1 | J32: 1 | K32: שונות | L32: 36 | M32: אגוזים טבעים ארוזים | N32: \N | O32: \N | P32: =IFERROR(D32/(VALUE(LEFT(TRIM(MID(G32,FIND("תכולה",G32)+6,20)),FIND(" ",TRIM(MID(G32,FIND("תכולה",G32)+6,20))&" ")-1))/1000),"") -> 47.826087
A33: FALSE | B33: 14200300600S | C33: כוסברה טחונה במלחייה | D33: 5.5 | G33: תכולה 200 | H33: 1 | I33: 1 | J33: 1 | K33: שונות | L33: 36 | M33: אגוזים טבעים ארוזים | N33: \N | O33: \N | P33: =IFERROR(D33/(VALUE(LEFT(TRIM(MID(G33,FIND("תכולה",G33)+6,20)),FIND(" ",TRIM(MID(G33,FIND("תכולה",G33)+6,20))&" ")-1))/1000),"") -> 27.5
B34: 15018202430S | D34: 6 | G34: תכולה 150 | H34: 1 | I34: 1 | J34: 1 | K34: שונות | L34: 36 | M34: אגוזים טבעים ארוזים | N34: \N | O34: \N | P34: =IFERROR(D34/(VALUE(LEFT(TRIM(MID(G34,FIND("תכולה",G34)+6,20)),FIND(" ",TRIM(MID(G34,FIND("תכולה",G34)+6,20))&" ")-1))/1000),"") -> 40
B35: 158000000238M | C35: חגיגת הסלט | D35: 19.5 | G35: תכולה 280 | H35: 1 | I35: 1 | J35: 1 | K35: שונות | L35: 36 | M35: אגוזים טבעים ארוזים | N35: \N | O35: \N | P35: =IFERROR(D35/(VALUE(LEFT(TRIM(MID(G35,FIND("תכולה",G35)+6,20)),FIND(" ",TRIM(MID(G35,FIND("תכולה",G35)+6,20))&" ")-1))/1000),"") -> 69.642857
B36: 160052024S | C36: פפאיה רצועות | D36: 27.2 | G36: תכולה 160 | H36: 1 | I36: 1 | J36: 1 | K36: שונות | L36: 36 | M36: אגוזים טבעים ארוזים | N36: \N | O36: \N | P36: =IFERROR(D36/(VALUE(LEFT(TRIM(MID(G36,FIND("תכולה",G36)+6,20)),FIND(" ",TRIM(MID(G36,FIND("תכולה",G36)+6,20))&" ")-1))/1000),"") -> 170
B37: 18000001122M | D37: 22.6 | G37: תכולה 300 כשר לפסח לאוכלי קטניות תשפ"ו | H37: 1 | I37: 0 | J37: 1 | K37: שונות | L37: 36 | M37: אגוזים טבעים ארוזים | N37: \N | O37: \N | P37: =IFERROR(D37/(VALUE(LEFT(TRIM(MID(G37,FIND("תכולה",G37)+6,20)),FIND(" ",TRIM(MID(G37,FIND("תכולה",G37)+6,20))&" ")-1))/1000),"") -> 75.333333
B38: 18000001122S | D38: 16 | G38: תכולה 200 | H38: 1 | I38: 0 | J38: 1 | K38: שונות | L38: 36 | M38: אגוזים טבעים ארוזים | N38: \N | O38: \N | P38: =IFERROR(D38/(VALUE(LEFT(TRIM(MID(G38,FIND("תכולה",G38)+6,20)),FIND(" ",TRIM(MID(G38,FIND("תכולה",G38)+6,20))&" ")-1))/1000),"") -> 80
B39: 180300500080L | C39: אננס טבעי ללא תוספת סוכר | D39: 46.5 | G39: תכולה 580 | H39: 1 | I39: 1 | J39: 1 | K39: שונות | L39: 36 | M39: אגוזים טבעים ארוזים | N39: \N | O39: \N | P39: =IFERROR(D39/(VALUE(LEFT(TRIM(MID(G39,FIND("תכולה",G39)+6,20)),FIND(" ",TRIM(MID(G39,FIND("תכולה",G39)+6,20))&" ")-1))/1000),"") -> 80.172414
B40: 180522024841M | C40: אפונה ווסאבי | D40: 24 | G40: תכולה 270 | H40: 1 | I40: 1 | J40: 1 | K40: שונות | L40: 36 | M40: אגוזים טבעים ארוזים | N40: \N | O40: \N | P40: =IFERROR(D40/(VALUE(LEFT(TRIM(MID(G40,FIND("תכולה",G40)+6,20)),FIND(" ",TRIM(MID(G40,FIND("תכולה",G40)+6,20))&" ")-1))/1000),"") -> 88.888889
B41: 1805224180524L | D41: 45.9 | G41: תכולה 550 | H41: 1 | I41: 1 | J41: 1 | K41: שונות | L41: 36 | M41: אגוזים טבעים ארוזים | N41: \N | O41: \N | P41: =IFERROR(D41/(VALUE(LEFT(TRIM(MID(G41,FIND("תכולה",G41)+6,20)),FIND(" ",TRIM(MID(G41,FIND("תכולה",G41)+6,20))&" ")-1))/1000),"") -> 83.454545
B42: 18152024258L | C42: פרוטאין מיקס | D42: 49.8 | G42: תכולה 550 | H42: 1 | I42: 1 | J42: 1 | K42: שונות | L42: 36 | M42: אגוזים טבעים ארוזים | N42: \N | O42: \N | P42: =IFERROR(D42/(VALUE(LEFT(TRIM(MID(G42,FIND("תכולה",G42)+6,20)),FIND(" ",TRIM(MID(G42,FIND("תכולה",G42)+6,20))&" ")-1))/1000),"") -> 90.545455
B43: 185245632178S | C43: גולדן ברי ללא תוספת סוכר | D43: 16 | G43: תכולה 180 | H43: 1 | I43: 1 | J43: 1 | K43: שונות | L43: 36 | M43: אגוזים טבעים ארוזים | N43: \N | O43: \N | P43: =IFERROR(D43/(VALUE(LEFT(TRIM(MID(G43,FIND("תכולה",G43)+6,20)),FIND(" ",TRIM(MID(G43,FIND("תכולה",G43)+6,20))&" ")-1))/1000),"") -> 88.888889
B44: 19030060000M | C44: פיסטוק חלבי קלוי | D44: 12 | G44: תכולה 300 | H44: 1 | I44: 1 | J44: 1 | K44: שונות | L44: 36 | M44: אגוזים טבעים ארוזים | N44: \N | O44: \N | P44: =IFERROR(D44/(VALUE(LEFT(TRIM(MID(G44,FIND("תכולה",G44)+6,20)),FIND(" ",TRIM(MID(G44,FIND("תכולה",G44)+6,20))&" ")-1))/1000),"") -> 40
B45: 20014300600M | C45: גרעיני חמניה קלויים ללא מלח | D45: 8 | G45: תכולה 300 | H45: 1 | I45: 1 | J45: 1 | K45: שונות | L45: 36 | M45: אגוזים טבעים ארוזים | N45: \N | O45: \N | P45: =IFERROR(D45/(VALUE(LEFT(TRIM(MID(G45,FIND("תכולה",G45)+6,20)),FIND(" ",TRIM(MID(G45,FIND("תכולה",G45)+6,20))&" ")-1))/1000),"") -> 26.666667
B46: 2222555250M | C46: אדממה מלוח | D46: 35 | G46: תכולה 550 | H46: 1 | I46: 1 | J46: 1 | K46: שונות | L46: 36 | M46: אגוזים טבעים ארוזים | N46: \N | O46: \N | P46: =IFERROR(D46/(VALUE(LEFT(TRIM(MID(G46,FIND("תכולה",G46)+6,20)),FIND(" ",TRIM(MID(G46,FIND("תכולה",G46)+6,20))&" ")-1))/1000),"") -> 63.636364
B47: 23005202440M | C47: אורז אדום | D47: 9 | G47: תכולה 230 | H47: 1 | I47: 1 | J47: 1 | K47: שונות | L47: 36 | M47: אגוזים טבעים ארוזים | N47: \N | O47: \N | P47: =IFERROR(D47/(VALUE(LEFT(TRIM(MID(G47,FIND("תכולה",G47)+6,20)),FIND(" ",TRIM(MID(G47,FIND("תכולה",G47)+6,20))&" ")-1))/1000),"") -> 39.130435
B48: 240600300M | C48: לוז קלוי ללא מלח | D48: 22.5 | G48: תכולה 300 | H48: 1 | I48: 1 | J48: 1 | K48: שונות | L48: 36 | M48: אגוזים טבעים ארוזים | N48: \N | O48: \N | P48: =IFERROR(D48/(VALUE(LEFT(TRIM(MID(G48,FIND("תכולה",G48)+6,20)),FIND(" ",TRIM(MID(G48,FIND("תכולה",G48)+6,20))&" ")-1))/1000),"") -> 75
B49: 24062411124S | C49: עדשים אדומות חצאים | D49: 15.5 | G49: תכולה 150 | H49: 1 | I49: 1 | J49: 1 | K49: שונות | L49: 36 | M49: אגוזים טבעים ארוזים | N49: \N | O49: \N | P49: =IFERROR(D49/(VALUE(LEFT(TRIM(MID(G49,FIND("תכולה",G49)+6,20)),FIND(" ",TRIM(MID(G49,FIND("תכולה",G49)+6,20))&" ")-1))/1000),"") -> 103.33333
B50: 26018052024M | C50: רביולי גריל | D50: 44.2 | G50: תכולה 250 | H50: 1 | I50: 1 | J50: 1 | K50: שונות | L50: 36 | M50: אגוזים טבעים ארוזים | N50: \N | O50: \N | P50: =IFERROR(D50/(VALUE(LEFT(TRIM(MID(G50,FIND("תכולה",G50)+6,20)),FIND(" ",TRIM(MID(G50,FIND("תכולה",G50)+6,20))&" ")-1))/1000),"") -> 176.8
B51: 27472474600L | D51: 41.5 | G51: תכולה 600 | H51: 1 | I51: 1 | J51: 1 | K51: שונות | L51: 36 | M51: אגוזים טבעים ארוזים | N51: \N | O51: \N | P51: =IFERROR(D51/(VALUE(LEFT(TRIM(MID(G51,FIND("תכולה",G51)+6,20)),FIND(" ",TRIM(MID(G51,FIND("תכולה",G51)+6,20))&" ")-1))/1000),"") -> 69.166667
B52: 280000000223M | C52: זרעי ציה אורגנים | D52: 24 | G52: תכולה 300 | H52: 1 | I52: 0 | J52: 1 | K52: שונות | L52: 36 | M52: אגוזים טבעים ארוזים | N52: \N | O52: \N | P52: =IFERROR(D52/(VALUE(LEFT(TRIM(MID(G52,FIND("תכולה",G52)+6,20)),FIND(" ",TRIM(MID(G52,FIND("תכולה",G52)+6,20))&" ")-1))/1000),"") -> 80
B53: 28200000023L | C53: פופקורן אמרקאי | D53: 40 | G53: תכולה 570 | H53: 1 | I53: 0 | J53: 1 | K53: שונות | L53: 36 | M53: אגוזים טבעים ארוזים | N53: \N | O53: \N | P53: =IFERROR(D53/(VALUE(LEFT(TRIM(MID(G53,FIND("תכולה",G53)+6,20)),FIND(" ",TRIM(MID(G53,FIND("תכולה",G53)+6,20))&" ")-1))/1000),"") -> 70.175439
B54: 29022111113S | D54: 18 | G54: תכולה 180 | H54: 1 | I54: 0 | J54: 1 | K54: שונות | L54: 36 | M54: אגוזים טבעים ארוזים | N54: \N | O54: \N | P54: =IFERROR(D54/(VALUE(LEFT(TRIM(MID(G54,FIND("תכולה",G54)+6,20)),FIND(" ",TRIM(MID(G54,FIND("תכולה",G54)+6,20))&" ")-1))/1000),"") -> 100
B55: 29220000003M | C55: פופקורן אמרקאי | D55: 18 | G55: תכולה 270 | H55: 1 | I55: 0 | J55: 1 | K55: שונות | L55: 36 | M55: אגוזים טבעים ארוזים | N55: \N | O55: \N | P55: =IFERROR(D55/(VALUE(LEFT(TRIM(MID(G55,FIND("תכולה",G55)+6,20)),FIND(" ",TRIM(MID(G55,FIND("תכולה",G55)+6,20))&" ")-1))/1000),"") -> 66.666667
B56: 30000003223L | C56: חליטת פירות יער | D56: 38 | G56: תכולה 400 | H56: 1 | I56: 0 | J56: 1 | K56: שונות | L56: 36 | M56: אגוזים טבעים ארוזים | N56: \N | O56: \N | P56: =IFERROR(D56/(VALUE(LEFT(TRIM(MID(G56,FIND("תכולה",G56)+6,20)),FIND(" ",TRIM(MID(G56,FIND("תכולה",G56)+6,20))&" ")-1))/1000),"") -> 95
B57: 30000004223S | C57: תמר מג'הול | D57: 16.5 | G57: תכולה 120 | H57: 1 | I57: 0 | J57: 1 | K57: שונות | L57: 36 | M57: אגוזים טבעים ארוזים | N57: \N | O57: \N | P57: =IFERROR(D57/(VALUE(LEFT(TRIM(MID(G57,FIND("תכולה",G57)+6,20)),FIND(" ",TRIM(MID(G57,FIND("תכולה",G57)+6,20))&" ")-1))/1000),"") -> 137.5
B58: 30020060014L | D58: 20 | G58: תכולה 600 | H58: 1 | I58: 1 | J58: 1 | K58: שונות | L58: 36 | M58: אגוזים טבעים ארוזים | N58: \N | O58: \N | P58: =IFERROR(D58/(VALUE(LEFT(TRIM(MID(G58,FIND("תכולה",G58)+6,20)),FIND(" ",TRIM(MID(G58,FIND("תכולה",G58)+6,20))&" ")-1))/1000),"") -> 33.333333
B59: 30220000003S | C59: בורגול דק | D59: 14.5 | G59: תכולה 170 | H59: 1 | I59: 0 | J59: 1 | K59: שונות | L59: 36 | M59: אגוזים טבעים ארוזים | N59: \N | O59: \N | P59: =IFERROR(D59/(VALUE(LEFT(TRIM(MID(G59,FIND("תכולה",G59)+6,20)),FIND(" ",TRIM(MID(G59,FIND("תכולה",G59)+6,20))&" ")-1))/1000),"") -> 85.294118
B60: 310000000223M | C60: תערובת לאורז אשפלו | D60: 22.5 | G60: תכולה 200 | H60: 1 | I60: 0 | J60: 1 | K60: שונות | L60: 36 | M60: אגוזים טבעים ארוזים | N60: \N | O60: \N | P60: =IFERROR(D60/(VALUE(LEFT(TRIM(MID(G60,FIND("תכולה",G60)+6,20)),FIND(" ",TRIM(MID(G60,FIND("תכולה",G60)+6,20))&" ")-1))/1000),"") -> 112.5
B61: 31000000223M | C61: חליטת כורכום הדרים | D61: 19.8 | G61: תכולה 270 | H61: 1 | I61: 0 | J61: 1 | K61: שונות | L61: 36 | M61: אגוזים טבעים ארוזים | N61: \N | O61: \N | P61: =IFERROR(D61/(VALUE(LEFT(TRIM(MID(G61,FIND("תכולה",G61)+6,20)),FIND(" ",TRIM(MID(G61,FIND("תכולה",G61)+6,20))&" ")-1))/1000),"") -> 73.333333
B62: 32000000223S | D62: 16.5 | G62: תכולה 180 | H62: 1 | I62: 0 | J62: 1 | K62: שונות | L62: 36 | M62: אגוזים טבעים ארוזים | N62: \N | O62: \N | P62: =IFERROR(D62/(VALUE(LEFT(TRIM(MID(G62,FIND("תכולה",G62)+6,20)),FIND(" ",TRIM(MID(G62,FIND("תכולה",G62)+6,20))&" ")-1))/1000),"") -> 91.666667
B63: 322111255553L | C63: גרעינים לבנים קלויים ללא מלח | D63: 36.5 | G63: תכולה 600 | H63: 1 | I63: 0 | J63: 1 | K63: שונות | L63: 36 | M63: אגוזים טבעים ארוזים | N63: \N | O63: \N | P63: =IFERROR(D63/(VALUE(LEFT(TRIM(MID(G63,FIND("תכולה",G63)+6,20)),FIND(" ",TRIM(MID(G63,FIND("תכולה",G63)+6,20))&" ")-1))/1000),"") -> 60.833333
B64: 342200000023M | C64: גרעיני חמניה קלופים | D64: 13.3 | G64: תכולה 300 | H64: 1 | I64: 0 | J64: 1 | K64: שונות | L64: 36 | M64: אגוזים טבעים ארוזים | N64: \N | O64: \N | P64: =IFERROR(D64/(VALUE(LEFT(TRIM(MID(G64,FIND("תכולה",G64)+6,20)),FIND(" ",TRIM(MID(G64,FIND("תכולה",G64)+6,20))&" ")-1))/1000),"") -> 44.333333
B65: 352000000223S | D65: 10 | G65: תכולה 200 | H65: 1 | I65: 0 | J65: 1 | K65: שונות | L65: 36 | M65: אגוזים טבעים ארוזים | N65: \N | O65: \N | P65: =IFERROR(D65/(VALUE(LEFT(TRIM(MID(G65,FIND("תכולה",G65)+6,20)),FIND(" ",TRIM(MID(G65,FIND("תכולה",G65)+6,20))&" ")-1))/1000),"") -> 50
B66: 36220000003M | C66: עדשים ירוקות | D66: 9.5 | G66: תכולה 300 | H66: 1 | I66: 0 | J66: 1 | K66: שונות | L66: 36 | M66: אגוזים טבעים ארוזים | N66: \N | O66: \N | P66: =IFERROR(D66/(VALUE(LEFT(TRIM(MID(G66,FIND("תכולה",G66)+6,20)),FIND(" ",TRIM(MID(G66,FIND("תכולה",G66)+6,20))&" ")-1))/1000),"") -> 31.666667
B67: 37220000003S | C67: אורז מלא עגול | D67: 9 | G67: תכולה 150 | H67: 1 | I67: 0 | J67: 1 | K67: שונות | L67: 36 | M67: אגוזים טבעים ארוזים | N67: \N | O67: \N | P67: =IFERROR(D67/(VALUE(LEFT(TRIM(MID(G67,FIND("תכולה",G67)+6,20)),FIND(" ",TRIM(MID(G67,FIND("תכולה",G67)+6,20))&" ")-1))/1000),"") -> 60
B68: 379126047592L | D68: 22.5 | G68: תכולה 430 | H68: 1 | I68: 1 | J68: 1 | K68: שונות | L68: 36 | M68: אגוזים טבעים ארוזים | N68: \N | O68: \N | P68: =IFERROR(D68/(VALUE(LEFT(TRIM(MID(G68,FIND("תכולה",G68)+6,20)),FIND(" ",TRIM(MID(G68,FIND("תכולה",G68)+6,20))&" ")-1))/1000),"") -> 52.325581
B69: 398127021384S | D69: 9.5 | G69: תכולה 150 | H69: 1 | I69: 1 | J69: 1 | K69: שונות | L69: 36 | M69: אגוזים טבעים ארוזים | N69: \N | O69: \N | P69: =IFERROR(D69/(VALUE(LEFT(TRIM(MID(G69,FIND("תכולה",G69)+6,20)),FIND(" ",TRIM(MID(G69,FIND("תכולה",G69)+6,20))&" ")-1))/1000),"") -> 63.333333
B70: 44018052024L | D70: 0 | G70: תכולה 450 | H70: 1 | I70: 1 | J70: 1 | K70: שונות | L70: 36 | M70: אגוזים טבעים ארוזים | N70: \N | O70: \N | P70: =IFERROR(D70/(VALUE(LEFT(TRIM(MID(G70,FIND("תכולה",G70)+6,20)),FIND(" ",TRIM(MID(G70,FIND("תכולה",G70)+6,20))&" ")-1))/1000),"") -> 0
B71: 46018506050L | D71: 17.5 | G71: תכולה 450 | H71: 1 | I71: 1 | J71: 1 | K71: שונות | L71: 36 | M71: אגוזים טבעים ארוזים | N71: \N | O71: \N | P71: =IFERROR(D71/(VALUE(LEFT(TRIM(MID(G71,FIND("תכולה",G71)+6,20)),FIND(" ",TRIM(MID(G71,FIND("תכולה",G71)+6,20))&" ")-1))/1000),"") -> 38.888889
B72: 56025000180L | C72: אגוזי מקדמיה טבעי | D72: 42 | G72: תכולה 550 | H72: 1 | I72: 1 | J72: 1 | K72: שונות | L72: 36 | M72: אגוזים טבעים ארוזים | N72: \N | O72: \N | P72: =IFERROR(D72/(VALUE(LEFT(TRIM(MID(G72,FIND("תכולה",G72)+6,20)),FIND(" ",TRIM(MID(G72,FIND("תכולה",G72)+6,20))&" ")-1))/1000),"") -> 76.363636
B73: 59018052024L | C73: צימוק קטן בהיר | D73: 54 | G73: תכולה 600 | H73: 1 | I73: 1 | J73: 1 | K73: שונות | L73: 36 | M73: אגוזים טבעים ארוזים | N73: \N | O73: \N | P73: =IFERROR(D73/(VALUE(LEFT(TRIM(MID(G73,FIND("תכולה",G73)+6,20)),FIND(" ",TRIM(MID(G73,FIND("תכולה",G73)+6,20))&" ")-1))/1000),"") -> 90
B74: 60030019000L | D74: 26 | G74: תכולה 900 | H74: 1 | I74: 1 | J74: 1 | K74: שונות | L74: 36 | M74: אגוזים טבעים ארוזים | N74: \N | O74: \N | P74: =IFERROR(D74/(VALUE(LEFT(TRIM(MID(G74,FIND("תכולה",G74)+6,20)),FIND(" ",TRIM(MID(G74,FIND("תכולה",G74)+6,20))&" ")-1))/1000),"") -> 28.888889
B75: 67220000003L | D75: 42 | G75: תכולה 600 | H75: 1 | I75: 0 | J75: 1 | K75: שונות | L75: 36 | M75: אגוזים טבעים ארוזים | N75: \N | O75: \N | P75: =IFERROR(D75/(VALUE(LEFT(TRIM(MID(G75,FIND("תכולה",G75)+6,20)),FIND(" ",TRIM(MID(G75,FIND("תכולה",G75)+6,20))&" ")-1))/1000),"") -> 70
B76: 690010012587L | D76: 34 | G76: תכולה 450 | H76: 1 | I76: 1 | J76: 1 | K76: שונות | L76: 36 | M76: אגוזים טבעים ארוזים | N76: \N | O76: \N | P76: =IFERROR(D76/(VALUE(LEFT(TRIM(MID(G76,FIND("תכולה",G76)+6,20)),FIND(" ",TRIM(MID(G76,FIND("תכולה",G76)+6,20))&" ")-1))/1000),"") -> 75.555556
B77: 7290010388264 | D77: 15 | G77: \N | H77: 1 | I77: 1 | J77: 1 | K77: שונות | L77: 24 | M77: אורז | N77: \N | O77: \N | P77: =IFERROR(D77/(VALUE(LEFT(TRIM(MID(G77,FIND("תכולה",G77)+6,20)),FIND(" ",TRIM(MID(G77,FIND("תכולה",G77)+6,20))&" ")-1))/1000),"")
B78: 8906000596999 | C78: מיקס מנצ'ס ללא גלוטן | D78: 15 | G78: \N | H78: 1 | I78: 1 | J78: 1 | K78: שונות | L78: 24 | M78: אורז | N78: \N | O78: \N | P78: =IFERROR(D78/(VALUE(LEFT(TRIM(MID(G78,FIND("תכולה",G78)+6,20)),FIND(" ",TRIM(MID(G78,FIND("תכולה",G78)+6,20))&" ")-1))/1000),"")
B79: 1100000058238 | D79: 85 | G79: \N | H79: 1 | I79: 1 | J79: 1 | K79: שונות | L79: 26 | M79: דגנים | N79: \N | O79: \N | P79: =IFERROR(D79/(VALUE(LEFT(TRIM(MID(G79,FIND("תכולה",G79)+6,20)),FIND(" ",TRIM(MID(G79,FIND("תכולה",G79)+6,20))&" ")-1))/1000),"")
H80: 1 | I80: 1 | J80: 10 | K80: ללא גלוטן | L80: 26 | M80: דגנים | N80: \N | O80: \N | P80: =IFERROR(D80/(VALUE(LEFT(TRIM(MID(G80,FIND("תכולה",G80)+6,20)),FIND(" ",TRIM(MID(G80,FIND("תכולה",G80)+6,20))&" ")-1))/1000),"")
H81: 1 | I81: 1 | J81: 10 | K81: ללא גלוטן | L81: 26 | M81: דגנים | N81: \N | O81: \N | P81: =IFERROR(D81/(VALUE(LEFT(TRIM(MID(G81,FIND("תכולה",G81)+6,20)),FIND(" ",TRIM(MID(G81,FIND("תכולה",G81)+6,20))&" ")-1))/1000),"")
B82: 000000115500844 | C82: לוקום אדום חתוך | D82: 55 | G82: פרווה | H82: 1 | I82: 1 | J82: 1 | K82: שונות | L82: 30 | M82: חטיפים ועוגיות | N82: \N | O82: \N | P82: =IFERROR(D82/(VALUE(LEFT(TRIM(MID(G82,FIND("תכולה",G82)+6,20)),FIND(" ",TRIM(MID(G82,FIND("תכולה",G82)+6,20))&" ")-1))/1000),"")
B83: 7290005589492 | D83: 13.5 | G83: \N | H83: 1 | I83: 1 | J83: 1 | K83: שונות | L83: 30 | M83: חטיפים ועוגיות | N83: \N | O83: \N | P83: =IFERROR(D83/(VALUE(LEFT(TRIM(MID(G83,FIND("תכולה",G83)+6,20)),FIND(" ",TRIM(MID(G83,FIND("תכולה",G83)+6,20))&" ")-1))/1000),"")
B84: 7290005589577 | D84: 12.9 | G84: \N | H84: 1 | I84: 1 | J84: 1 | K84: שונות | L84: 30 | M84: חטיפים ועוגיות | N84: \N | O84: \N | P84: =IFERROR(D84/(VALUE(LEFT(TRIM(MID(G84,FIND("תכולה",G84)+6,20)),FIND(" ",TRIM(MID(G84,FIND("תכולה",G84)+6,20))&" ")-1))/1000),"")
B85: 7290018371091 | D85: 16.9 | G85: \N | H85: 1 | I85: 1 | J85: 1 | K85: שונות | L85: 30 | M85: חטיפים ועוגיות | N85: \N | O85: \N | P85: =IFERROR(D85/(VALUE(LEFT(TRIM(MID(G85,FIND("תכולה",G85)+6,20)),FIND(" ",TRIM(MID(G85,FIND("תכולה",G85)+6,20))&" ")-1))/1000),"")
B86: 7290018371312 | D86: 16.9 | G86: \N | H86: 1 | I86: 1 | J86: 1 | K86: שונות | L86: 30 | M86: חטיפים ועוגיות | N86: \N | O86: \N | P86: =IFERROR(D86/(VALUE(LEFT(TRIM(MID(G86,FIND("תכולה",G86)+6,20)),FIND(" ",TRIM(MID(G86,FIND("תכולה",G86)+6,20))&" ")-1))/1000),"")
B87: 7290018371947 | D87: 21.9 | G87: \N | H87: 1 | I87: 1 | J87: 1 | K87: שונות | L87: 30 | M87: חטיפים ועוגיות | N87: \N | O87: \N | P87: =IFERROR(D87/(VALUE(LEFT(TRIM(MID(G87,FIND("תכולה",G87)+6,20)),FIND(" ",TRIM(MID(G87,FIND("תכולה",G87)+6,20))&" ")-1))/1000),"")
B88: 8424842050030 | C88: מגש הדר חלבה גדול | D88: 16.9 | G88: \N | H88: 1 | I88: 1 | J88: 1 | K88: שונות | L88: 30 | M88: חטיפים ועוגיות | N88: \N | O88: \N | P88: =IFERROR(D88/(VALUE(LEFT(TRIM(MID(G88,FIND("תכולה",G88)+6,20)),FIND(" ",TRIM(MID(G88,FIND("תכולה",G88)+6,20))&" ")-1))/1000),"")
B89: 8424842050085 | C89: טופי ברכות 600 גרם | D89: 16.9 | G89: \N | H89: 1 | I89: 1 | J89: 1 | K89: שונות | L89: 30 | M89: חטיפים ועוגיות | N89: \N | O89: \N | P89: =IFERROR(D89/(VALUE(LEFT(TRIM(MID(G89,FIND("תכולה",G89)+6,20)),FIND(" ",TRIM(MID(G89,FIND("תכולה",G89)+6,20))&" ")-1))/1000),"")
B90: 8437020396011 | C90: מיונז עם פטריות כמהין | D90: 39.9 | G90: \N | H90: 1 | I90: 1 | J90: 1 | K90: שונות | L90: 30 | M90: חטיפים ועוגיות | N90: \N | O90: \N | P90: =IFERROR(D90/(VALUE(LEFT(TRIM(MID(G90,FIND("תכולה",G90)+6,20)),FIND(" ",TRIM(MID(G90,FIND("תכולה",G90)+6,20))&" ")-1))/1000),"")
B91: 856591000055 | C91: מיונז היינץ לחיץ 420 גרם HEINZ | D91: 22 | G91: \N | H91: 1 | I91: 1 | J91: 1 | K91: שונות | L91: 30 | M91: חטיפים ועוגיות | N91: \N | O91: \N | P91: =IFERROR(D91/(VALUE(LEFT(TRIM(MID(G91,FIND("תכולה",G91)+6,20)),FIND(" ",TRIM(MID(G91,FIND("תכולה",G91)+6,20))&" ")-1))/1000),"")
B92: 856591000109 | C92: פתיתים במשקל | D92: 22 | G92: \N | H92: 1 | I92: 1 | J92: 1 | K92: שונות | L92: 30 | M92: חטיפים ועוגיות | N92: \N | O92: \N | P92: =IFERROR(D92/(VALUE(LEFT(TRIM(MID(G92,FIND("תכולה",G92)+6,20)),FIND(" ",TRIM(MID(G92,FIND("תכולה",G92)+6,20))&" ")-1))/1000),"")
B93: 7290000572628 | D93: 19.9 | G93: \N | H93: 1 | I93: 1 | J93: 1 | K93: שונות | L93: 32 | M93: חלבה | N93: \N | O93: \N | P93: =IFERROR(D93/(VALUE(LEFT(TRIM(MID(G93,FIND("תכולה",G93)+6,20)),FIND(" ",TRIM(MID(G93,FIND("תכולה",G93)+6,20))&" ")-1))/1000),"")
B94: 7290000572673 | D94: 21 | G94: \N | H94: 1 | I94: 1 | J94: 1 | K94: שונות | L94: 32 | M94: חלבה | N94: \N | O94: \N | P94: =IFERROR(D94/(VALUE(LEFT(TRIM(MID(G94,FIND("תכולה",G94)+6,20)),FIND(" ",TRIM(MID(G94,FIND("תכולה",G94)+6,20))&" ")-1))/1000),"")
B95: 7290011166830 | D95: 8.9 | G95: \N | H95: 1 | I95: 1 | J95: 1 | K95: שונות | L95: 32 | M95: חלבה | N95: \N | O95: \N | P95: =IFERROR(D95/(VALUE(LEFT(TRIM(MID(G95,FIND("תכולה",G95)+6,20)),FIND(" ",TRIM(MID(G95,FIND("תכולה",G95)+6,20))&" ")-1))/1000),"")
B96: 7290011723545 | D96: 29.9 | G96: \N | H96: 1 | I96: 1 | J96: 1 | K96: שונות | L96: 32 | M96: חלבה | N96: \N | O96: \N | P96: =IFERROR(D96/(VALUE(LEFT(TRIM(MID(G96,FIND("תכולה",G96)+6,20)),FIND(" ",TRIM(MID(G96,FIND("תכולה",G96)+6,20))&" ")-1))/1000),"")
B97: 7290011723842 | D97: 29.9 | G97: \N | H97: 1 | I97: 1 | J97: 1 | K97: שונות | L97: 32 | M97: חלבה | N97: \N | O97: \N | P97: =IFERROR(D97/(VALUE(LEFT(TRIM(MID(G97,FIND("תכולה",G97)+6,20)),FIND(" ",TRIM(MID(G97,FIND("תכולה",G97)+6,20))&" ")-1))/1000),"")
B98: 7290016646092 | D98: 37 | G98: \N | H98: 1 | I98: 1 | J98: 1 | K98: שונות | L98: 32 | M98: חלבה | N98: \N | O98: \N | P98: =IFERROR(D98/(VALUE(LEFT(TRIM(MID(G98,FIND("תכולה",G98)+6,20)),FIND(" ",TRIM(MID(G98,FIND("תכולה",G98)+6,20))&" ")-1))/1000),"")
B99: 7290016646108 | D99: 37 | G99: \N | H99: 1 | I99: 1 | J99: 1 | K99: שונות | L99: 32 | M99: חלבה | N99: \N | O99: \N | P99: =IFERROR(D99/(VALUE(LEFT(TRIM(MID(G99,FIND("תכולה",G99)+6,20)),FIND(" ",TRIM(MID(G99,FIND("תכולה",G99)+6,20))&" ")-1))/1000),"")
B100: 7290016646115 | D100: 37 | G100: \N | H100: 1 | I100: 1 | J100: 1 | K100: שונות | L100: 32 | M100: חלבה | N100: \N | O100: \N | P100: =IFERROR(D100/(VALUE(LEFT(TRIM(MID(G100,FIND("תכולה",G100)+6,20)),FIND(" ",TRIM(MID(G100,FIND("תכולה",G100)+6,20))&" ")-1))/1000),"")
...

Sheet הצעת מחיר לסיטונאי
A2: =IFERROR(IF(products!A2=TRUE,products!A2,""),"") | B2: =IFERROR(IF(products!A2=TRUE,products!B2,""),"") | C2: =IFERROR(IF(products!A2=TRUE,products!C2,""),"") | D2: =IFERROR(IF(products!A2=TRUE,products!D2,""),"") | E2: =IFERROR(IF(products!A2=TRUE,products!E2,""),"") | F2: =IFERROR(IF(products!A2=TRUE,products!F2,""),"") | G2: =IFERROR(IF(products!A2=TRUE,products!G2,""),"")
A3: =IFERROR(IF(products!A3=TRUE,products!A3,""),"") | B3: =IFERROR(IF(products!A3=TRUE,products!B3,""),"") | C3: =IFERROR(IF(products!A3=TRUE,products!C3,""),"") | D3: =IFERROR(IF(products!A3=TRUE,products!D3,""),"") | E3: =IFERROR(IF(products!A3=TRUE,products!E3,""),"") | F3: =IFERROR(IF(products!A3=TRUE,products!F3,""),"") | G3: =IFERROR(IF(products!A3=TRUE,products!G3,""),"")
A4: =IFERROR(IF(products!A4=TRUE,products!A4,""),"") | B4: =IFERROR(IF(products!A4=TRUE,products!B4,""),"") | C4: =IFERROR(IF(products!A4=TRUE,products!C4,""),"") | D4: =IFERROR(IF(products!A4=TRUE,products!D4,""),"") | E4: =IFERROR(IF(products!A4=TRUE,products!E4,""),"") | F4: =IFERROR(IF(products!A4=TRUE,products!F4,""),"") | G4: =IFERROR(IF(products!A4=TRUE,products!G4,""),"")
B5: ברקוד | C5: תיאור פריט | D5: סהכ משקל | E5: מחיר לק"ג | F5: כמות מוזמנת | G5: סה"כ מחיר להזמנה
A6: =IFERROR(IF(products!A5=TRUE,products!A5,""),"") | B6: =IFERROR(IF(products!A5=TRUE,products!B5,""),"") | C6: =IFERROR(IF(products!A5=TRUE,products!C5,""),"") | D6: =IFERROR(IF(products!A5=TRUE,products!D5,""),"") | E6: =IFERROR(IF(products!A5=TRUE,products!E5,""),"") | F6: =IFERROR(IF(products!A5=TRUE,products!F5,""),"") | G6: =IFERROR(IF(products!A5=TRUE,products!G5,""),"")
A7: =IFERROR(IF(products!A6=TRUE,products!A6,""),"") | B7: =IFERROR(IF(products!A6=TRUE,products!B6,""),"") | C7: =IFERROR(IF(products!A6=TRUE,products!C6,""),"") | D7: =IFERROR(IF(products!A6=TRUE,products!D6,""),"") | E7: =IFERROR(IF(products!A6=TRUE,products!E6,""),"") | F7: =IFERROR(IF(products!A6=TRUE,products!F6,""),"") | G7: =IFERROR(IF(products!A6=TRUE,products!G6,""),"")
A8: =IFERROR(IF(products!A7=TRUE,products!A7,""),"") | B8: =IFERROR(IF(products!A7=TRUE,products!B7,""),"") | C8: =IFERROR(IF(products!A7=TRUE,products!C7,""),"") | D8: =IFERROR(IF(products!A7=TRUE,products!D7,""),"") | E8: =IFERROR(IF(products!A7=TRUE,products!E7,""),"") | F8: =IFERROR(IF(products!A7=TRUE,products!F7,""),"") | G8: =IFERROR(IF(products!A7=TRUE,products!G7,""),"")
A9: =IFERROR(IF(products!A8=TRUE,products!A8,""),"") | B9: =IFERROR(IF(products!A8=TRUE,products!B8,""),"") | C9: =IFERROR(IF(products!A8=TRUE,products!C8,""),"") | D9: =IFERROR(IF(products!A8=TRUE,products!D8,""),"") | E9: =IFERROR(IF(products!A8=TRUE,products!E8,""),"") | F9: =IFERROR(IF(products!A8=TRUE,products!F8,""),"") | G9: =IFERROR(IF(products!A8=TRUE,products!G8,""),"")
A10: =IFERROR(IF(products!A9=TRUE,products!A9,""),"") | B10: =IFERROR(IF(products!A9=TRUE,products!B9,""),"") | C10: =IFERROR(IF(products!A9=TRUE,products!C9,""),"") | D10: =IFERROR(IF(products!A9=TRUE,products!D9,""),"") | E10: =IFERROR(IF(products!A9=TRUE,products!E9,""),"") | F10: =IFERROR(IF(products!A9=TRUE,products!F9,""),"") | G10: =IFERROR(IF(products!A9=TRUE,products!G9,""),"")
A11: =IFERROR(IF(products!A10=TRUE,products!A10,""),"") | B11: =IFERROR(IF(products!A10=TRUE,products!B10,""),"") | C11: =IFERROR(IF(products!A10=TRUE,products!C10,""),"") | D11: =IFERROR(IF(products!A10=TRUE,products!D10,""),"") | E11: =IFERROR(IF(products!A10=TRUE,products!E10,""),"") | F11: =IFERROR(IF(products!A10=TRUE,products!F10,""),"") | G11: =IFERROR(IF(products!A10=TRUE,products!G10,""),"")
A12: =IFERROR(IF(products!A11=TRUE,products!A11,""),"") | B12: =IFERROR(IF(products!A11=TRUE,products!B11,""),"") | C12: =IFERROR(IF(products!A11=TRUE,products!C11,""),"") | D12: =IFERROR(IF(products!A11=TRUE,products!D11,""),"") | E12: =IFERROR(IF(products!A11=TRUE,products!E11,""),"") | F12: =IFERROR(IF(products!A11=TRUE,products!F11,""),"") | G12: =IFERROR(IF(products!A11=TRUE,products!G11,""),"")
A13: =IFERROR(IF(products!A12=TRUE,products!A12,""),"") | B13: =IFERROR(IF(products!A12=TRUE,products!B12,""),"") | C13: =IFERROR(IF(products!A12=TRUE,products!C12,""),"") | D13: =IFERROR(IF(products!A12=TRUE,products!D12,""),"") | E13: =IFERROR(IF(products!A12=TRUE,products!E12,""),"") | F13: =IFERROR(IF(products!A12=TRUE,products!F12,""),"") | G13: =IFERROR(IF(products!A12=TRUE,products!G12,""),"")
A14: =IFERROR(IF(products!A13=TRUE,products!A13,""),"") | B14: =IFERROR(IF(products!A13=TRUE,products!B13,""),"") | C14: =IFERROR(IF(products!A13=TRUE,products!C13,""),"") | D14: =IFERROR(IF(products!A13=TRUE,products!D13,""),"") | E14: =IFERROR(IF(products!A13=TRUE,products!E13,""),"") | F14: =IFERROR(IF(products!A13=TRUE,products!F13,""),"") | G14: =IFERROR(IF(products!A13=TRUE,products!G13,""),"")
A15: =IFERROR(IF(products!A14=TRUE,products!A14,""),"") | B15: =IFERROR(IF(products!A14=TRUE,products!B14,""),"") | C15: =IFERROR(IF(products!A14=TRUE,products!C14,""),"") | D15: =IFERROR(IF(products!A14=TRUE,products!D14,""),"") | E15: =IFERROR(IF(products!A14=TRUE,products!E14,""),"") | F15: =IFERROR(IF(products!A14=TRUE,products!F14,""),"") | G15: =IFERROR(IF(products!A14=TRUE,products!G14,""),"")
A16: =IFERROR(IF(products!A15=TRUE,products!A15,""),"") | B16: =IFERROR(IF(products!A15=TRUE,products!B15,""),"") | C16: =IFERROR(IF(products!A15=TRUE,products!C15,""),"") | D16: =IFERROR(IF(products!A15=TRUE,products!D15,""),"") | E16: =IFERROR(IF(products!A15=TRUE,products!E15,""),"") | F16: =IFERROR(IF(products!A15=TRUE,products!F15,""),"") | G16: =IFERROR(IF(products!A15=TRUE,products!G15,""),"")
A17: =IFERROR(IF(products!A16=TRUE,products!A16,""),"") | B17: =IFERROR(IF(products!A16=TRUE,products!B16,""),"") | C17: =IFERROR(IF(products!A16=TRUE,products!C16,""),"") | D17: =IFERROR(IF(products!A16=TRUE,products!D16,""),"") | E17: =IFERROR(IF(products!A16=TRUE,products!E16,""),"") | F17: =IFERROR(IF(products!A16=TRUE,products!F16,""),"") | G17: =IFERROR(IF(products!A16=TRUE,products!G16,""),"")
... A2534: =IFERROR(IF(products!A2533=TRUE,products!A2533,""),"") | B2534: =IFERROR(IF(products!A2533=TRUE,products!B2533,""),"") | C2534: =IFERROR(IF(products!A2533=TRUE,products!C2533,""),"") | D2534: =IFERROR(IF(products!A2533=TRUE,products!D2533,""),"") | E2534: =IFERROR(IF(products!A2533=TRUE,products!E2533,""),"") | F2534: =IFERROR(IF(products!A2533=TRUE,products!F2533,""),"") | G2534: =IFERROR(IF(products!A2533=TRUE,products!G2533,""),"")
C2536: סה"כ: | D2536: =SUM(D2:D2534) -> 0

Sheet  ידני-הצעת מחיר סיטונאי
A7: הצעת מחיר נכון לתאריך:
A8: **הצעת המחיר תקפה ל- 14 יום בלבד
A10: לכבוד:
A11: כתובת מייל:
A12: טלפון:
A16: תיאור פריט | B16: ברקוד | C16: סהכ משקל | D16: מחיר לק"ג | E16: כמות מוזמנת | F16: סה"כ מחיר להזמנה
